event_time,area,source_table,PRD_SRL_NO,PRD_CD,CMP_EQ_ID,STRG_CD,SLOT_NM,delta,wip
2026-02-12 10:09:09.298,BUFFER,strg_buf_in,PRD3002-260212002-0001,PRD3002,EQ05,SR03,0,1,1
2026-02-12 10:23:39.605,BUFFER,strg_buf_in,PRD1000-260212003-0001,PRD1000,EQ05,SR03,0,1,2
2026-02-12 10:34:18.864,BUFFER,strg_buf_in,PRD2000-260212004-0001,PRD2000,EQ05,SR03,0,1,3
2026-02-12 10:42:45.905,BUFFER,strg_buf_in,PRD2000-260212005-0001,PRD2000,EQ05,SR03,0,1,4
2026-02-12 11:19:20.889,BUFFER,strg_buf_in,PRD1000-260212006-0001,PRD1000,EQ05,SR03,0,1,5
2026-02-12 11:35:33.201,BUFFER,strg_buf_in,PRD2000-260212008-0001,PRD2000,EQ05,SR03,0,1,6
2026-02-12 11:44:07.811,BUFFER,strg_buf_in,PRD1000-260212009-0001,PRD1000,EQ05,SR03,0,1,7
2026-02-12 15:11:44.979,BUFFER,strg_buf_in,PRD3001-260212011-0001,PRD3001,EQ05,SR03,1,1,8
2026-02-12 15:32:56.695,BUFFER,strg_buf_in,PRD3001-260212013-0001,PRD3001,EQ05,SR03,2,1,9
2026-02-12 16:18:59.691,BUFFER,strg_buf_in,PRD3002-260212014-0001,PRD3002,EQ05,SR03,3,1,10
2026-02-12 16:24:28.606,BUFFER,strg_buf_out,PRD3002-260212002-0001,PRD3002,EQ05,SR04,0,-1,9
2026-02-12 16:52:16.751,BUFFER,strg_buf_in,PRD3002-260212015-0001,PRD3002,EQ05,SR03,4,1,10
2026-02-12 17:16:01.963,BUFFER,strg_buf_in,PRD3002-260212016-0001,PRD3002,EQ05,SR03,5,1,11
2026-02-12 17:36:40.683,BUFFER,strg_buf_in,PRD2000-260212018-0001,PRD2000,EQ05,SR03,1,1,12
2026-02-12 17:37:38.888,BUFFER,strg_buf_in,PRD3001-260212019-0001,PRD3001,EQ05,SR03,6,1,13
2026-02-12 17:44:13.136,BUFFER,strg_buf_out,PRD2000-260212018-0001,PRD2000,EQ05,SR04,0,-1,12
2026-02-12 17:44:23.668,BUFFER,strg_buf_out,PRD3001-260212013-0001,PRD3001,EQ05,SR04,0,-1,11
2026-02-12 18:05:35.064,BUFFER,strg_buf_in,PRD2000-260212020-0001,PRD2000,EQ05,SR03,1,1,12
2026-02-12 19:29:13.836,BUFFER,strg_buf_out,PRD2000-260212020-0001,PRD2000,EQ05,SR04,0,-1,11
2026-02-12 19:29:22.142,BUFFER,strg_buf_out,PRD3002-260212014-0001,PRD3002,EQ05,SR04,0,-1,10
2026-02-12 19:41:36.763,BUFFER,strg_buf_out,PRD3002-260212015-0001,PRD3002,EQ05,SR04,0,-1,9
2026-02-12 20:07:43.203,BUFFER,strg_buf_out,PRD3002-260212016-0001,PRD3002,EQ05,SR04,0,-1,8
2026-02-12 20:33:09.386,BUFFER,strg_buf_in,PRD1000-260212021-0001,PRD1000,EQ05,SR03,1,1,9
2026-02-13 10:34:46.962,BUFFER,strg_buf_in,PRD2000-260213001-0001,PRD2000,EQ05,SR03,2,1,10
2026-02-13 10:48:46.807,BUFFER,strg_buf_in,PRD2000-260213002-0001,PRD2000,EQ05,SR03,3,1,11
2026-02-13 10:53:11.502,BUFFER,strg_buf_in,PRD3001-260213003-0001,PRD3001,EQ05,SR03,4,1,12
2026-02-13 10:59:12.976,BUFFER,strg_buf_in,PRD2000-260213004-0001,PRD2000,EQ05,SR03,1,1,13
2026-02-13 11:07:06.206,BUFFER,strg_buf_in,PRD3002-260213005-0001,PRD3002,EQ05,SR03,1,1,14
2026-02-13 11:08:48.492,BUFFER,strg_buf_out,PRD2000-260213004-0001,PRD2000,EQ05,SR04,0,-1,13
2026-02-13 11:08:59.164,BUFFER,strg_buf_out,PRD2000-260213001-0001,PRD2000,EQ05,SR04,0,-1,12
2026-02-13 11:26:34.682,BUFFER,strg_buf_in,PRD2000-260213006-0001,PRD2000,EQ05,SR03,2,1,13
2026-02-13 11:28:17.429,BUFFER,strg_buf_out,PRD2000-260213006-0001,PRD2000,EQ05,SR04,0,-1,12
2026-02-13 11:43:14.774,BUFFER,strg_buf_in,PRD3002-260213009-0001,PRD3002,EQ05,SR03,2,1,13
2026-02-13 11:44:15.605,BUFFER,strg_buf_in,PRD1000-260213008-0001,PRD1000,EQ05,SR03,5,1,14
2026-02-13 11:45:24.978,BUFFER,strg_buf_out,PRD1000-260213008-0001,PRD1000,EQ05,SR04,0,-1,13
2026-02-23 13:53:45.661,BUFFER,strg_buf_in,PRD2000-260223007-0001,PRD2000,EQ05,SR03,4,1,14
2026-02-23 13:55:21.218,BUFFER,strg_buf_out,PRD2000-260223007-0001,PRD2000,EQ05,SR04,0,-1,13
2026-02-23 14:03:06.906,BUFFER,strg_buf_in,PRD2000-260223008-0001,PRD2000,EQ05,SR03,4,1,14
2026-02-23 14:04:42.195,BUFFER,strg_buf_out,PRD2000-260223008-0001,PRD2000,EQ05,SR04,0,-1,13
2026-02-23 14:44:19.077,BUFFER,strg_buf_in,PRD2000-260223009-0001,PRD2000,EQ05,SR03,4,1,14
2026-02-23 14:45:55.384,BUFFER,strg_buf_out,PRD2000-260223009-0001,PRD2000,EQ05,SR04,0,-1,13
2026-02-23 14:50:02.097,BUFFER,strg_buf_in,PRD2000-260223010-0001,PRD2000,EQ05,SR03,4,1,14
2026-02-23 14:53:56.807,BUFFER,strg_buf_out,PRD2000-260223010-0001,PRD2000,EQ05,SR04,0,-1,13
2026-02-23 14:58:08.369,BUFFER,strg_buf_in,PRD2000-260223011-0001,PRD2000,EQ05,SR03,4,1,14
2026-02-23 14:59:31.240,BUFFER,strg_buf_out,PRD2000-260223011-0001,PRD2000,EQ05,SR04,0,-1,13
2026-02-23 16:07:41.519,BUFFER,strg_buf_in,PRD2000-260223013-0001,PRD2000,EQ05,SR03,4,1,14
2026-02-23 16:09:15.665,BUFFER,strg_buf_out,PRD2000-260223013-0001,PRD2000,EQ05,SR04,0,-1,13
2026-02-23 16:18:05.593,BUFFER,strg_buf_in,PRD2000-260223012-0001,PRD2000,EQ05,SR03,4,1,14
2026-02-23 16:19:41.658,BUFFER,strg_buf_out,PRD2000-260223012-0001,PRD2000,EQ05,SR04,0,-1,13
2026-02-23 16:23:41.770,BUFFER,strg_buf_in,PRD2000-260223014-0001,PRD2000,EQ05,SR03,4,1,14
2026-02-23 16:25:09.867,BUFFER,strg_buf_out,PRD2000-260223014-0001,PRD2000,EQ05,SR04,0,-1,13
2026-02-23 16:30:41.744,BUFFER,strg_buf_in,PRD2000-260223015-0001,PRD2000,EQ05,SR03,4,1,14
2026-02-23 16:32:17.380,BUFFER,strg_buf_out,PRD2000-260223015-0001,PRD2000,EQ05,SR04,0,-1,13
2026-02-25 10:14:28.604,BUFFER,strg_buf_in,PRD3001-260225001-0001,PRD3001,EQ05,SR03,1,1,14
2026-02-25 10:32:07.489,BUFFER,strg_buf_in,PRD3001-260225002-0001,PRD3001,EQ05,SR03,2,1,15
2026-02-25 10:37:50.822,BUFFER,strg_buf_in,PRD3002-260225003-0001,PRD3002,EQ05,SR03,3,1,16
2026-02-25 10:45:53.457,BUFFER,strg_buf_in,PRD3001-260225004-0001,PRD3001,EQ05,SR03,4,1,17
2026-02-25 11:05:07.138,BUFFER,strg_buf_in,PRD3002-260225005-0001,PRD3002,EQ05,SR03,5,1,18
2026-02-25 11:10:58.881,BUFFER,strg_buf_in,PRD3001-260225007-0001,PRD3001,EQ05,SR03,1,1,19
2026-02-25 11:15:46.813,BUFFER,strg_buf_in,PRD3002-260225006-0001,PRD3002,EQ05,SR03,6,1,20
2026-02-25 11:31:45.779,BUFFER,strg_buf_out,PRD3001-260225007-0001,PRD3001,EQ05,SR04,0,-1,19
2026-02-25 11:31:56.442,BUFFER,strg_buf_out,PRD3001-260225002-0001,PRD3001,EQ05,SR04,0,-1,18
2026-02-25 14:04:30.670,BUFFER,strg_buf_out,PRD3002-260225003-0001,PRD3002,EQ05,SR04,0,-1,17
2026-02-25 18:00:35.846,BUFFER,strg_buf_in,PRD1000-260225500-0001,PRD1000,EQ05,SR03,1,1,18
2026-02-25 18:27:23.744,BUFFER,strg_buf_in,PRD2000-260225501-0001,PRD2000,EQ05,SR03,1,1,19
2026-02-25 18:35:47.574,BUFFER,strg_buf_in,PRD2000-260225501-0002,PRD2000,EQ05,SR03,1,1,20
2026-02-25 19:54:33.735,BUFFER,strg_buf_in,PRD1000-260225013-0001,PRD1000,EQ05,SR03,1,1,21
2026-02-25 20:27:39.602,BUFFER,strg_buf_in,PRD3002-260225014-0001,PRD3002,EQ05,SR03,1,1,22
2026-02-25 20:44:34.243,BUFFER,strg_buf_out,PRD3002-260225014-0001,PRD3002,EQ05,SR04,0,-1,21
2026-02-25 20:44:44.485,BUFFER,strg_buf_out,PRD3001-260225004-0001,PRD3001,EQ05,SR04,0,-1,20
2026-02-25 23:15:47.709,BUFFER,strg_buf_in,PRD1000-260225015-0001,PRD1000,EQ05,SR03,1,1,21
2026-02-25 23:39:39.189,BUFFER,strg_buf_in,PRD3001-260225017-0001,PRD3001,EQ05,SR03,1,1,22
2026-02-26 14:30:49.476,BUFFER,strg_buf_in,PRD1000-260226002-0001,PRD1000,EQ05,SR03,1,1,23
2026-02-26 14:40:20.038,BUFFER,strg_buf_in,PRD1000-260226002-0002,PRD1000,EQ05,SR03,2,1,24
2026-02-26 14:45:21.573,BUFFER,strg_buf_in,PRD2000-260226003-0001,PRD2000,EQ05,SR03,3,1,25
2026-02-26 14:48:53.755,BUFFER,strg_buf_in,PRD3001-260226004-0001,PRD3001,EQ05,SR03,4,1,26
2026-02-26 14:51:51.952,BUFFER,strg_buf_in,PRD2000-260226003-0002,PRD2000,EQ05,SR03,5,1,27
2026-02-26 14:54:05.227,BUFFER,strg_buf_in,PRD3002-260226005-0001,PRD3002,EQ05,SR03,6,1,28
2026-02-26 15:07:14.692,BUFFER,strg_buf_in,PRD3002-260226006-0001,PRD3002,EQ05,SR03,1,1,29
2026-02-26 16:06:38.588,BUFFER,strg_buf_out,PRD1000-260226002-0001,PRD1000,EQ05,SR04,0,-1,28
2026-02-26 16:06:46.888,BUFFER,strg_buf_out,PRD2000-260226003-0001,PRD2000,EQ05,SR04,0,-1,27
2026-02-26 16:40:56.363,BUFFER,strg_buf_out,PRD2000-260226003-0002,PRD2000,EQ05,SR04,0,-1,26
2026-02-26 17:52:50.800,BUFFER,strg_buf_out,PRD1000-260226002-0002,PRD1000,EQ05,SR04,0,-1,25
2026-03-04 14:54:36.621,BUFFER,strg_buf_in,PRD3001-260304004-0001,PRD3001,EQ05,SR03,2,1,26
2026-03-04 14:56:07.405,BUFFER,strg_buf_in,PRD2000-260304002-0001,PRD2000,EQ05,SR03,3,1,27
2026-03-04 16:08:59.463,BUFFER,strg_buf_in,PRD2000-260304006-0002,PRD2000,EQ05,SR03,7,1,28
2026-03-04 16:17:43.983,BUFFER,strg_buf_in,PRD1000-260304005-0001,PRD1000,EQ05,SR03,1,1,29
2026-03-04 16:18:38.404,BUFFER,strg_buf_in,PRD3002-260304008-0001,PRD3002,EQ05,SR03,8,1,30
2026-03-04 16:31:25.873,BUFFER,strg_buf_in,PRD3001-260304011-0001,PRD3001,EQ05,SR03,10,1,31
2026-03-04 16:34:53.570,BUFFER,strg_buf_in,PRD1000-260304009-0001,PRD1000,EQ05,SR03,11,1,32
2026-03-05 15:28:25.460,BUFFER,strg_buf_in,PRD1000-260305001-0001,PRD1000,EQ05,SR03,1,1,33
2026-03-05 15:44:54.898,BUFFER,strg_buf_in,PRD3001-260305002-0001,PRD3001,EQ05,SR03,2,1,34
2026-03-05 16:26:15.584,BUFFER,strg_buf_in,PRD3002-260305003-0001,PRD3002,EQ05,SR03,3,1,35
2026-03-05 17:24:26.923,BUFFER,strg_buf_in,PRD1000-260305004-0002,PRD1000,EQ05,SR03,4,1,36
2026-03-05 17:31:35.510,BUFFER,strg_buf_in,PRD1000-260305004-0001,PRD1000,EQ05,SR03,5,1,37
2026-03-05 18:19:13.157,BUFFER,strg_buf_in,PRD2000-260305005-0002,PRD2000,EQ05,SR03,6,1,38
2026-03-05 18:26:27.108,BUFFER,strg_buf_in,PRD2000-260305005-0001,PRD2000,EQ05,SR03,7,1,39
2026-03-05 19:45:51.629,BUFFER,strg_buf_in,PRD3001-260305006-0001,PRD3001,EQ05,SR03,8,1,40
2026-03-05 20:16:44.565,BUFFER,strg_buf_in,PRD3002-260305007-0001,PRD3002,EQ05,SR03,9,1,41
2026-03-05 20:57:41.063,BUFFER,strg_buf_out,PRD1000-260305001-0001,PRD1000,EQ05,SR04,0,-1,40
2026-03-05 20:57:51.075,BUFFER,strg_buf_out,PRD1000-260305004-0002,PRD1000,EQ05,SR04,0,-1,39
2026-03-05 21:02:43.757,BUFFER,strg_buf_out,PRD1000-260305004-0001,PRD1000,EQ05,SR04,0,-1,38
2026-03-05 21:43:09.391,BUFFER,strg_buf_out,PRD2000-260305005-0002,PRD2000,EQ05,SR04,0,-1,37
2026-03-05 22:03:12.359,BUFFER,strg_buf_out,PRD2000-260305005-0001,PRD2000,EQ05,SR04,0,-1,36
2026-03-05 22:14:49.326,BUFFER,strg_buf_out,PRD3001-260305002-0001,PRD3001,EQ05,SR04,0,-1,35
2026-03-06 11:25:19.952,BUFFER,strg_buf_in,PRD3002-260306002-0001,PRD3002,EQ05,SR03,1,1,36
2026-03-06 11:31:03.949,BUFFER,strg_buf_in,PRD3001-260306003-0001,PRD3001,EQ05,SR03,2,1,37
2026-03-06 11:50:15.874,BUFFER,strg_buf_in,PRD2000-260306004-0001,PRD2000,EQ05,SR03,4,1,38
2026-03-06 12:16:10.237,BUFFER,strg_buf_in,PRD1000-260306005-0001,PRD1000,EQ05,SR03,5,1,39
2026-03-06 16:26:52.252,BUFFER,strg_buf_in,PRD1000-260306006-0001,PRD1000,EQ05,SR03,6,1,40
2026-03-06 17:01:41.155,BUFFER,strg_buf_out,PRD1000-260306005-0001,PRD1000,EQ05,SR04,0,-1,39
2026-03-06 17:06:35.900,BUFFER,strg_buf_out,PRD1000-260306006-0001,PRD1000,EQ05,SR04,0,-1,38
2026-03-06 17:11:32.512,BUFFER,strg_buf_out,PRD2000-260306004-0001,PRD2000,EQ05,SR04,0,-1,37
2026-03-06 17:46:48.063,BUFFER,strg_buf_out,PRD3002-260306002-0001,PRD3002,EQ05,SR04,0,-1,36
2026-03-06 17:46:58.505,BUFFER,strg_buf_out,PRD3001-260306003-0001,PRD3001,EQ05,SR04,0,-1,35
2026-03-11 09:57:32.416,BUFFER,strg_buf_in,PRD3001-260311003-0001,PRD3001,EQ05,SR03,1,1,36
2026-03-11 10:01:43.629,BUFFER,strg_buf_in,PRD1000-260311001-0002,PRD1000,EQ05,SR03,2,1,37
2026-03-11 10:06:01.217,BUFFER,strg_buf_in,PRD2000-260311002-0001,PRD2000,EQ05,SR03,3,1,38
2026-03-11 10:06:53.299,BUFFER,strg_buf_in,PRD3002-260311004-0001,PRD3002,EQ05,SR03,4,1,39
2026-03-11 10:10:18.251,BUFFER,strg_buf_in,PRD3001-260311003-0002,PRD3001,EQ05,SR03,5,1,40
2026-03-11 10:12:02.979,BUFFER,strg_buf_out,PRD1000-260311001-0002,PRD1000,EQ05,SR04,0,-1,39
2026-03-11 10:15:54.530,BUFFER,strg_buf_in,PRD1000-260311001-0001,PRD1000,EQ05,SR03,2,1,40
2026-03-11 10:17:25.008,BUFFER,strg_buf_out,PRD1000-260311001-0001,PRD1000,EQ05,SR04,0,-1,39
2026-03-11 10:35:46.525,BUFFER,strg_buf_in,PRD3001-260311006-0001,PRD3001,EQ05,SR03,2,1,40
2026-03-11 10:37:27.188,BUFFER,strg_buf_out,PRD2000-260311002-0001,PRD2000,EQ05,SR04,0,-1,39
2026-03-11 10:41:53.690,BUFFER,strg_buf_in,PRD3002-260311005-0001,PRD3002,EQ05,SR03,3,1,40
2026-03-11 11:03:49.669,BUFFER,strg_buf_in,PRD1000-260311008-0001,PRD1000,EQ05,SR03,1,1,41
2026-03-11 11:05:00.937,BUFFER,strg_buf_in,PRD3002-260311010-0001,PRD3002,EQ05,SR03,6,1,42
2026-03-11 11:12:16.789,BUFFER,strg_buf_in,PRD2000-260311009-0002,PRD2000,EQ05,SR03,1,1,43
2026-03-11 11:17:26.127,BUFFER,strg_buf_in,PRD2000-260311009-0001,PRD2000,EQ05,SR03,1,1,44
2026-03-11 11:23:09.219,BUFFER,strg_buf_out,PRD2000-260311009-0001,PRD2000,EQ05,SR04,0,-1,43
2026-03-11 11:23:19.542,BUFFER,strg_buf_out,PRD3001-260311006-0001,PRD3001,EQ05,SR04,0,-1,42
2026-03-11 11:48:35.669,BUFFER,strg_buf_in,PRD2000-260311007-0001,PRD2000,EQ05,SR03,1,1,43
2026-03-11 11:54:00.631,BUFFER,strg_buf_in,PRD3001-260311012-0001,PRD3001,EQ05,SR03,2,1,44
2026-03-11 11:59:15.756,BUFFER,strg_buf_in,PRD3002-260311011-0001,PRD3002,EQ05,SR03,7,1,45
2026-03-11 12:16:05.378,BUFFER,strg_buf_in,PRD3001-260311012-0002,PRD3001,EQ05,SR03,8,1,46
2026-03-11 12:56:33.335,BUFFER,strg_buf_in,PRD1000-260311014-0001,PRD1000,EQ05,SR03,1,1,47
2026-03-11 13:25:28.831,BUFFER,strg_buf_out,PRD1000-260311014-0001,PRD1000,EQ05,SR04,0,-1,46
2026-03-11 13:25:39.376,BUFFER,strg_buf_out,PRD3001-260311012-0001,PRD3001,EQ05,SR04,0,-1,45
2026-03-11 13:30:44.600,BUFFER,strg_buf_out,PRD3002-260311005-0001,PRD3002,EQ05,SR04,0,-1,44
2026-03-11 14:26:31.591,BUFFER,strg_buf_in,PRD2000-260311016-0001,PRD2000,EQ05,SR03,1,1,45
2026-03-11 14:27:26.311,BUFFER,strg_buf_in,PRD3001-260311015-0001,PRD3001,EQ05,SR03,2,1,46
2026-03-11 14:32:54.257,BUFFER,strg_buf_in,PRD1000-260311018-0001,PRD1000,EQ05,SR03,1,1,47
2026-03-11 14:37:48.887,BUFFER,strg_buf_in,PRD3001-260311017-0001,PRD3001,EQ05,SR03,1,1,48
2026-03-11 14:43:42.035,BUFFER,strg_buf_out,PRD3001-260311017-0001,PRD3001,EQ05,SR04,0,-1,47
2026-03-11 14:43:52.789,BUFFER,strg_buf_out,PRD3001-260311015-0001,PRD3001,EQ05,SR04,0,-1,46
2026-03-11 14:51:10.029,BUFFER,strg_buf_out,PRD3002-260311004-0001,PRD3002,EQ05,SR04,0,-1,45
2026-03-11 14:56:06.944,BUFFER,strg_buf_out,PRD3001-260311003-0002,PRD3001,EQ05,SR04,0,-1,44
2026-03-11 15:46:37.931,BUFFER,strg_buf_in,PRD2000-260311019-0002,PRD2000,EQ05,SR03,1,1,45
2026-03-11 16:00:45.224,BUFFER,strg_buf_in,PRD1000-260311020-0001,PRD1000,EQ05,SR03,2,1,46
2026-03-11 16:02:31.729,BUFFER,strg_buf_out,PRD1000-260311020-0001,PRD1000,EQ05,SR04,0,-1,45
2026-03-11 16:53:43.852,BUFFER,strg_buf_in,PRD1000-260311023-0002,PRD1000,EQ05,SR03,2,1,46
2026-03-11 16:55:30.930,BUFFER,strg_buf_out,PRD1000-260311023-0002,PRD1000,EQ05,SR04,0,-1,45
2026-03-11 16:59:33.624,BUFFER,strg_buf_in,PRD1000-260311025-0001,PRD1000,EQ05,SR03,2,1,46
2026-03-11 17:01:09.766,BUFFER,strg_buf_out,PRD1000-260311025-0001,PRD1000,EQ05,SR04,0,-1,45
2026-03-11 17:07:10.842,BUFFER,strg_buf_in,PRD2000-260311026-0001,PRD2000,EQ05,SR03,2,1,46
2026-03-11 17:08:08.056,BUFFER,strg_buf_in,PRD2000-260311024-0001,PRD2000,EQ05,SR03,3,1,47
2026-03-11 17:14:13.816,BUFFER,strg_buf_in,PRD1000-260311023-0001,PRD1000,EQ05,SR03,1,1,48
2026-03-11 17:19:55.348,BUFFER,strg_buf_out,PRD1000-260311023-0001,PRD1000,EQ05,SR04,0,-1,47
2026-03-11 17:20:06.203,BUFFER,strg_buf_out,PRD2000-260311026-0001,PRD2000,EQ05,SR04,0,-1,46
2026-03-11 18:17:23.507,BUFFER,strg_buf_in,PRD1000-260311027-0002,PRD1000,EQ05,SR03,1,1,47
2026-03-11 18:24:26.532,BUFFER,strg_buf_in,PRD1000-260311027-0001,PRD1000,EQ05,SR03,1,1,48
2026-03-11 18:34:02.209,BUFFER,strg_buf_in,PRD3001-260311029-0001,PRD3001,EQ05,SR03,1,1,49
2026-03-11 18:35:03.728,BUFFER,strg_buf_in,PRD1000-260311031-0002,PRD1000,EQ05,SR03,2,1,50
2026-03-11 18:36:00.920,BUFFER,strg_buf_in,PRD3002-260311030-0001,PRD3002,EQ05,SR03,4,1,51
2026-03-11 18:36:54.637,BUFFER,strg_buf_out,PRD1000-260311027-0001,PRD1000,EQ05,SR04,0,-1,50
2026-03-11 18:37:06.709,BUFFER,strg_buf_out,PRD1000-260311031-0002,PRD1000,EQ05,SR04,0,-1,49
2026-03-11 18:41:12.738,BUFFER,strg_buf_in,PRD2000-260311028-0001,PRD2000,EQ05,SR03,2,1,50
2026-03-11 18:42:10.072,BUFFER,strg_buf_in,PRD3001-260311029-0002,PRD3001,EQ05,SR03,5,1,51
2026-03-11 18:43:13.683,BUFFER,strg_buf_out,PRD2000-260311028-0001,PRD2000,EQ05,SR04,0,-1,50
2026-03-11 18:47:11.264,BUFFER,strg_buf_in,PRD2000-260311032-0002,PRD2000,EQ05,SR03,2,1,51
2026-03-11 18:48:47.812,BUFFER,strg_buf_out,PRD2000-260311032-0002,PRD2000,EQ05,SR04,0,-1,50
2026-03-11 18:52:46.187,BUFFER,strg_buf_in,PRD1000-260311031-0001,PRD1000,EQ05,SR03,2,1,51
2026-03-11 18:53:52.917,BUFFER,strg_buf_out,PRD1000-260311031-0001,PRD1000,EQ05,SR04,0,-1,50
2026-03-11 19:15:21.635,BUFFER,strg_buf_out,PRD2000-260311024-0001,PRD2000,EQ05,SR04,0,-1,49
2026-03-12 15:58:09.060,BUFFER,strg_buf_in,PRD2000-260312002-0001,PRD2000,EQ05,SR03,1,1,50
2026-03-12 16:23:16.416,BUFFER,strg_buf_in,PRD3001-260312005-0001,PRD3001,EQ05,SR03,2,1,51
2026-03-12 16:29:21.245,BUFFER,strg_buf_in,PRD3002-260312006-0002,PRD3002,EQ05,SR03,3,1,52
2026-03-12 16:35:34.802,BUFFER,strg_buf_in,PRD3002-260312006-0001,PRD3002,EQ05,SR03,4,1,53
2026-03-12 16:53:34.200,BUFFER,strg_buf_in,PRD1000-260312003-0002,PRD1000,EQ05,SR03,1,1,54
2026-03-12 16:59:20.054,BUFFER,strg_buf_in,PRD1000-260312003-0001,PRD1000,EQ05,SR03,1,1,55
2026-03-12 17:05:51.576,BUFFER,strg_buf_in,PRD1000-260312008-0001,PRD1000,EQ05,SR03,1,1,56
2026-03-12 17:11:25.932,BUFFER,strg_buf_in,PRD2000-260312004-0001,PRD2000,EQ05,SR03,1,1,57
2026-03-12 17:16:34.356,BUFFER,strg_buf_in,PRD2000-260312004-0002,PRD2000,EQ05,SR03,1,1,58
2026-03-12 17:22:35.357,BUFFER,strg_buf_in,PRD3002-260312009-0001,PRD3002,EQ05,SR03,1,1,59
2026-03-12 17:28:32.129,BUFFER,strg_buf_out,PRD3002-260312009-0001,PRD3002,EQ05,SR04,0,-1,58
2026-03-12 17:28:43.003,BUFFER,strg_buf_out,PRD3001-260312005-0001,PRD3001,EQ05,SR04,0,-1,57
2026-03-16 12:09:26.026,BUFFER,strg_buf_in,PRD2000-260316002-0001,PRD2000,EQ05,SR03,8,1,58
2026-03-16 12:17:26.909,BUFFER,strg_buf_in,PRD2000-260316001-0001,PRD2000,EQ05,SR03,1,1,59
2026-03-16 16:03:24.764,BUFFER,strg_buf_out,PRD2000-260316002-0001,PRD2000,EQ05,SR04,0,-1,58
2026-03-16 16:39:03.055,BUFFER,strg_buf_in,PRD2000-260316005-0001,PRD2000,EQ05,SR03,1,1,59
2026-03-25 16:51:54.478,BUFFER,strg_buf_in,PRD2000-260325005-0001,PRD2000,EQ05,SR03,1,1,60
2026-03-25 16:56:09.353,BUFFER,strg_buf_in,PRD1000-260325004-0001,PRD1000,EQ05,SR03,2,1,61
2026-03-25 16:57:21.699,BUFFER,strg_buf_out,PRD1000-260325004-0001,PRD1000,EQ05,SR04,0,-1,60
2026-03-30 16:43:34.936,BUFFER,strg_buf_in,PRD3002-260330002-0002,PRD3002,EQ05,SR03,1,1,61
2026-03-30 16:48:44.660,BUFFER,strg_buf_in,PRD3002-260330002-0001,PRD3002,EQ05,SR03,2,1,62
2026-03-30 16:57:51.035,BUFFER,strg_buf_in,PRD1000-260330001-0001,PRD1000,EQ05,SR03,3,1,63
2026-03-30 17:01:42.991,BUFFER,strg_buf_in,PRD1000-260330001-0002,PRD1000,EQ05,SR03,4,1,64
2026-03-30 17:03:56.803,BUFFER,strg_buf_in,PRD3001-260330003-0003,PRD3001,EQ05,SR03,5,1,65
2026-03-30 17:06:10.680,BUFFER,strg_buf_in,PRD2000-260330004-0001,PRD2000,EQ05,SR03,6,1,66
2026-03-30 17:09:04.265,BUFFER,strg_buf_in,PRD3001-260330003-0001,PRD3001,EQ05,SR03,7,1,67
2026-03-30 17:17:25.639,BUFFER,strg_buf_in,PRD2000-260330004-0002,PRD2000,EQ05,SR03,8,1,68
2026-03-30 17:22:03.403,BUFFER,strg_buf_in,PRD3001-260330003-0002,PRD3001,EQ05,SR03,9,1,69
2026-03-30 18:05:04.387,BUFFER,strg_buf_in,PRD2000-260330006-0001,PRD2000,EQ05,SR03,1,1,70
2026-03-30 18:05:59.483,BUFFER,strg_buf_in,PRD3001-260330007-0001,PRD3001,EQ05,SR03,2,1,71
2026-03-30 18:09:33.002,BUFFER,strg_buf_in,PRD1000-260330005-0001,PRD1000,EQ05,SR03,3,1,72
2026-03-30 19:55:41.311,BUFFER,strg_buf_in,PRD3001-260330008-0001,PRD3001,EQ05,SR03,1,1,73
2026-03-31 17:16:01.270,BUFFER,strg_buf_in,PRD2000-260331010-0001,PRD2000,EQ05,SR03,1,1,74
2026-04-07 17:25:28.361,BUFFER,strg_buf_in,PRD3001-260407007-0001,PRD3001,EQ05,SR03,3,1,75
2026-04-07 17:30:44.459,BUFFER,strg_buf_in,PRD3001-260407008-0001,PRD3001,EQ05,SR03,2,1,76
2026-04-14 16:27:54.546,BUFFER,strg_buf_in,PRD1000-260414002-0001,PRD1000,EQ05,SR03,1,1,77
2026-04-14 16:33:11.433,BUFFER,strg_buf_in,PRD3001-260414003-0001,PRD3001,EQ05,SR03,2,1,78
2026-04-14 16:59:10.981,BUFFER,strg_buf_in,PRD3001-260414004-0001,PRD3001,EQ05,SR03,3,1,79
2026-04-14 17:28:06.782,BUFFER,strg_buf_in,PRD1000-260414005-0001,PRD1000,EQ05,SR03,4,1,80
2026-04-14 17:49:24.990,BUFFER,strg_buf_in,PRD1000-260414008-0001,PRD1000,EQ05,SR03,5,1,81
2026-04-14 22:37:08.754,BUFFER,strg_buf_out,PRD1000-260414002-0001,PRD1000,EQ05,SR04,0,-1,80
2026-04-16 14:36:49.567,BUFFER,strg_buf_in,PRD1000-260416001-0001,PRD1000,EQ05,SR03,1,1,81
2026-04-16 14:46:03.343,BUFFER,strg_buf_in,PRD2000-260416002-0001,PRD2000,EQ05,SR03,2,1,82
2026-04-16 14:51:47.248,BUFFER,strg_buf_in,PRD1000-260416003-0001,PRD1000,EQ05,SR03,3,1,83
2026-04-16 14:58:56.338,BUFFER,strg_buf_in,PRD2000-260416004-0001,PRD2000,EQ05,SR03,4,1,84
2026-04-16 15:06:13.621,BUFFER,strg_buf_in,PRD1000-260416005-0002,PRD1000,EQ05,SR03,5,1,85
2026-04-16 15:10:46.649,BUFFER,strg_buf_in,PRD1000-260416005-0001,PRD1000,EQ05,SR03,6,1,86
2026-04-28 16:24:05.959,BUFFER,strg_buf_in,PRD1000-260428002-0001,PRD1000,EQ05,SR03,1,1,87
2026-04-30 14:11:07.044,BUFFER,strg_buf_in,PRD1000-260430001-0002,PRD1000,EQ05,SR03,1,1,88
2026-04-30 14:18:21.085,BUFFER,strg_buf_in,PRD1000-260430001-0001,PRD1000,EQ05,SR03,2,1,89
2026-04-30 14:23:09.659,BUFFER,strg_buf_in,PRD1000-260430001-0003,PRD1000,EQ05,SR03,3,1,90
2026-04-30 14:27:14.348,BUFFER,strg_buf_in,PRD1000-260430002-0002,PRD1000,EQ05,SR03,4,1,91
2026-04-30 14:32:14.178,BUFFER,strg_buf_in,PRD1000-260430002-0001,PRD1000,EQ05,SR03,5,1,92
2026-05-04 12:17:18.020,BUFFER,strg_buf_in,PRD1000-260504001-0001,PRD1000,EQ05,SR03,1,1,93
2026-05-04 17:51:57.472,BUFFER,strg_buf_in,PRD1000-260504002-0001,PRD1000,EQ05,SR03,1,1,94
2026-02-12 19:46:21.944,FINISHED_STORAGE,strg_fns_in,PRD3002-260212015-0001,PRD3002,EQ15,SR07,7,1,1
2026-02-12 19:46:23.000,FINISHED_STORAGE,strg_fns_out,PRD3002-260212015-0001,PRD3002,EQ15,SR08,7,-1,0
2026-02-12 20:12:37.418,FINISHED_STORAGE,strg_fns_in,PRD3002-260212016-0001,PRD3002,EQ15,SR07,8,1,1
2026-02-12 20:12:38.362,FINISHED_STORAGE,strg_fns_out,PRD3002-260212016-0001,PRD3002,EQ15,SR08,8,-1,0
2026-02-25 11:11:57.160,FINISHED_STORAGE,strg_fns_in,PRD3001-260225001-0001,PRD3001,EQ15,SR07,1,1,1
2026-02-25 11:11:59.184,FINISHED_STORAGE,strg_fns_out,PRD3001-260225001-0001,PRD3001,EQ15,SR08,1,-1,0
2026-02-25 20:49:31.814,FINISHED_STORAGE,strg_fns_in,PRD3001-260225004-0001,PRD3001,EQ15,SR07,3,1,1
2026-02-25 20:49:32.749,FINISHED_STORAGE,strg_fns_out,PRD3001-260225004-0001,PRD3001,EQ15,SR08,3,-1,0
2026-03-05 22:19:14.342,FINISHED_STORAGE,strg_fns_in,PRD3001-260305002-0001,PRD3001,EQ15,SR07,1,1,1
2026-03-05 22:19:15.402,FINISHED_STORAGE,strg_fns_out,PRD3001-260305002-0001,PRD3001,EQ15,SR08,1,-1,0
2026-03-06 17:37:15.465,FINISHED_STORAGE,strg_fns_in,PRD3002-260306002-0001,PRD3002,EQ15,SR07,1,1,1
2026-03-06 17:37:16.414,FINISHED_STORAGE,strg_fns_out,PRD3002-260306002-0001,PRD3002,EQ15,SR08,1,-1,0
2026-03-06 17:51:25.176,FINISHED_STORAGE,strg_fns_in,PRD3001-260306003-0001,PRD3001,EQ15,SR07,1,1,1
2026-03-06 17:51:26.242,FINISHED_STORAGE,strg_fns_out,PRD3001-260306003-0001,PRD3001,EQ15,SR08,1,-1,0
2026-03-11 13:30:01.363,FINISHED_STORAGE,strg_fns_in,PRD3001-260311012-0001,PRD3001,EQ15,SR07,1,1,1
2026-03-11 13:30:02.421,FINISHED_STORAGE,strg_fns_out,PRD3001-260311012-0001,PRD3001,EQ15,SR08,1,-1,0
2026-03-11 13:35:17.953,FINISHED_STORAGE,strg_fns_in,PRD3002-260311005-0001,PRD3002,EQ15,SR07,2,1,1
2026-03-11 13:35:19.011,FINISHED_STORAGE,strg_fns_out,PRD3002-260311005-0001,PRD3002,EQ15,SR08,2,-1,0
2026-03-11 14:43:19.678,FINISHED_STORAGE,strg_fns_in,PRD3001-260311017-0001,PRD3001,EQ15,SR07,3,1,1
2026-03-11 14:43:20.751,FINISHED_STORAGE,strg_fns_out,PRD3001-260311017-0001,PRD3001,EQ15,SR08,3,-1,0
2026-03-11 14:48:26.216,FINISHED_STORAGE,strg_fns_in,PRD3001-260311015-0001,PRD3001,EQ15,SR07,4,1,1
2026-03-11 14:48:27.169,FINISHED_STORAGE,strg_fns_out,PRD3001-260311015-0001,PRD3001,EQ15,SR08,4,-1,0
2026-03-11 14:55:40.723,FINISHED_STORAGE,strg_fns_in,PRD3002-260311004-0001,PRD3002,EQ15,SR07,5,1,1
2026-03-11 14:55:41.683,FINISHED_STORAGE,strg_fns_out,PRD3002-260311004-0001,PRD3002,EQ15,SR08,5,-1,0
2026-03-11 15:00:38.947,FINISHED_STORAGE,strg_fns_in,PRD3001-260311003-0002,PRD3001,EQ15,SR07,6,1,1
2026-03-11 15:00:40.011,FINISHED_STORAGE,strg_fns_out,PRD3001-260311003-0002,PRD3001,EQ15,SR08,6,-1,0
2026-03-11 17:05:38.159,FINISHED_STORAGE,strg_fns_in,PRD1000-260311025-0001,PRD1000,EQ15,SR07,4,1,1
2026-03-11 17:05:39.223,FINISHED_STORAGE,strg_fns_out,PRD1000-260311025-0001,PRD1000,EQ15,SR08,4,-1,0
2026-03-11 17:13:52.288,FINISHED_STORAGE,strg_fns_in,PRD2000-260311019-0002,PRD2000,EQ15,SR07,2,1,1
2026-03-11 17:13:53.349,FINISHED_STORAGE,strg_fns_out,PRD2000-260311019-0002,PRD2000,EQ15,SR08,2,-1,0
2026-03-11 17:19:27.335,FINISHED_STORAGE,strg_fns_in,PRD1000-260311023-0001,PRD1000,EQ15,SR07,5,1,1
2026-03-11 17:19:28.396,FINISHED_STORAGE,strg_fns_out,PRD1000-260311023-0001,PRD1000,EQ15,SR08,5,-1,0
2026-03-11 17:24:36.049,FINISHED_STORAGE,strg_fns_in,PRD2000-260311026-0001,PRD2000,EQ15,SR07,3,1,1
2026-03-11 17:24:37.004,FINISHED_STORAGE,strg_fns_out,PRD2000-260311026-0001,PRD2000,EQ15,SR08,3,-1,0
2026-03-11 18:23:16.008,FINISHED_STORAGE,strg_fns_in,PRD1000-260311027-0002,PRD1000,EQ15,SR07,6,1,1
2026-03-11 18:23:17.069,FINISHED_STORAGE,strg_fns_out,PRD1000-260311027-0002,PRD1000,EQ15,SR08,6,-1,0
2026-03-11 18:30:30.238,FINISHED_STORAGE,strg_fns_in,PRD1000-260311027-0001,PRD1000,EQ15,SR07,7,1,1
2026-03-11 18:30:31.171,FINISHED_STORAGE,strg_fns_out,PRD1000-260311027-0001,PRD1000,EQ15,SR08,7,-1,0
2026-03-11 18:41:31.404,FINISHED_STORAGE,strg_fns_in,PRD1000-260311031-0002,PRD1000,EQ15,SR07,8,1,1
2026-03-11 18:41:32.357,FINISHED_STORAGE,strg_fns_out,PRD1000-260311031-0002,PRD1000,EQ15,SR08,8,-1,0
2026-03-11 18:47:42.788,FINISHED_STORAGE,strg_fns_in,PRD2000-260311028-0001,PRD2000,EQ15,SR07,4,1,1
2026-03-11 18:47:43.855,FINISHED_STORAGE,strg_fns_out,PRD2000-260311028-0001,PRD2000,EQ15,SR08,4,-1,0
2026-03-11 18:53:07.925,FINISHED_STORAGE,strg_fns_in,PRD2000-260311032-0002,PRD2000,EQ15,SR07,5,1,1
2026-03-11 18:53:08.991,FINISHED_STORAGE,strg_fns_out,PRD2000-260311032-0002,PRD2000,EQ15,SR08,5,-1,0
2026-03-11 19:19:34.868,FINISHED_STORAGE,strg_fns_in,PRD2000-260311024-0001,PRD2000,EQ15,SR07,6,1,1
2026-03-11 19:19:35.931,FINISHED_STORAGE,strg_fns_out,PRD2000-260311024-0001,PRD2000,EQ15,SR08,6,-1,0
2026-03-11 19:33:24.371,FINISHED_STORAGE,strg_fns_in,PRD3001-260311029-0001,PRD3001,EQ15,SR07,1,1,1
2026-03-11 19:33:25.431,FINISHED_STORAGE,strg_fns_out,PRD3001-260311029-0001,PRD3001,EQ15,SR08,1,-1,0
2026-03-12 10:22:22.828,FINISHED_STORAGE,strg_fns_in,PRD3002-260311030-0001,PRD3002,EQ15,SR07,1,1,1
2026-03-12 10:22:23.782,FINISHED_STORAGE,strg_fns_out,PRD3002-260311030-0001,PRD3002,EQ15,SR08,1,-1,0
2026-03-12 17:06:48.964,FINISHED_STORAGE,strg_fns_in,PRD2000-260312002-0001,PRD2000,EQ15,SR07,1,1,1
2026-03-12 17:06:50.034,FINISHED_STORAGE,strg_fns_out,PRD2000-260312002-0001,PRD2000,EQ15,SR08,1,-1,0
2026-03-12 17:07:41.266,FINISHED_STORAGE,strg_fns_in,PRD1000-260312003-0001,PRD1000,EQ15,SR07,2,1,1
2026-03-12 17:07:42.331,FINISHED_STORAGE,strg_fns_out,PRD1000-260312003-0001,PRD1000,EQ15,SR08,2,-1,0
2026-03-12 17:11:51.406,FINISHED_STORAGE,strg_fns_in,PRD1000-260312008-0001,PRD1000,EQ15,SR07,3,1,1
2026-03-12 17:11:52.374,FINISHED_STORAGE,strg_fns_out,PRD1000-260312008-0001,PRD1000,EQ15,SR08,3,-1,0
2026-03-12 17:17:48.898,FINISHED_STORAGE,strg_fns_in,PRD2000-260312004-0001,PRD2000,EQ15,SR07,2,1,1
2026-03-12 17:17:49.852,FINISHED_STORAGE,strg_fns_out,PRD2000-260312004-0001,PRD2000,EQ15,SR08,2,-1,0
2026-03-12 17:18:38.850,FINISHED_STORAGE,strg_fns_in,PRD1000-260312003-0002,PRD1000,EQ15,SR07,4,1,1
2026-03-12 17:18:39.900,FINISHED_STORAGE,strg_fns_out,PRD1000-260312003-0002,PRD1000,EQ15,SR08,4,-1,0
2026-03-12 17:22:54.954,FINISHED_STORAGE,strg_fns_in,PRD2000-260312004-0002,PRD2000,EQ15,SR07,3,1,1
2026-03-12 17:22:56.023,FINISHED_STORAGE,strg_fns_out,PRD2000-260312004-0002,PRD2000,EQ15,SR08,3,-1,0
2026-03-12 17:27:59.130,FINISHED_STORAGE,strg_fns_in,PRD3002-260312009-0001,PRD3002,EQ15,SR07,2,1,1
2026-03-12 17:28:00.184,FINISHED_STORAGE,strg_fns_out,PRD3002-260312009-0001,PRD3002,EQ15,SR08,2,-1,0
2026-03-12 17:33:17.110,FINISHED_STORAGE,strg_fns_in,PRD3001-260312005-0001,PRD3001,EQ15,SR07,3,1,1
2026-03-12 17:33:18.175,FINISHED_STORAGE,strg_fns_out,PRD3001-260312005-0001,PRD3001,EQ15,SR08,3,-1,0
2026-03-16 15:19:29.903,FINISHED_STORAGE,strg_fns_in,PRD2000-260316001-0001,PRD2000,EQ15,SR07,1,1,1
2026-03-16 15:19:30.965,FINISHED_STORAGE,strg_fns_out,PRD2000-260316001-0001,PRD2000,EQ15,SR08,1,-1,0
2026-03-16 16:07:49.576,FINISHED_STORAGE,strg_fns_in,PRD2000-260316002-0001,PRD2000,EQ15,SR07,3,1,1
2026-03-16 16:07:50.637,FINISHED_STORAGE,strg_fns_out,PRD2000-260316002-0001,PRD2000,EQ15,SR08,3,-1,0
2026-03-16 16:44:58.437,FINISHED_STORAGE,strg_fns_in,PRD2000-260316005-0001,PRD2000,EQ15,SR07,5,1,1
2026-03-16 16:44:59.396,FINISHED_STORAGE,strg_fns_out,PRD2000-260316005-0001,PRD2000,EQ15,SR08,5,-1,0
2026-03-25 17:01:37.218,FINISHED_STORAGE,strg_fns_in,PRD1000-260325004-0001,PRD1000,EQ15,SR07,2,1,1
2026-03-25 17:01:38.274,FINISHED_STORAGE,strg_fns_out,PRD1000-260325004-0001,PRD1000,EQ15,SR08,2,-1,0
2026-03-25 17:06:41.246,FINISHED_STORAGE,strg_fns_in,PRD2000-260325005-0001,PRD2000,EQ15,SR07,1,1,1
2026-03-25 17:06:42.219,FINISHED_STORAGE,strg_fns_out,PRD2000-260325005-0001,PRD2000,EQ15,SR08,1,-1,0
2026-04-14 17:55:25.213,FINISHED_STORAGE,strg_fns_in,PRD1000-260414002-0001,PRD1000,EQ15,SR07,1,1,1
2026-04-14 17:55:26.169,FINISHED_STORAGE,strg_fns_out,PRD1000-260414002-0001,PRD1000,EQ15,SR08,1,-1,0
2026-04-30 14:39:03.018,FINISHED_STORAGE,strg_fns_in,PRD1000-260430001-0002,PRD1000,EQ15,SR07,1,1,1
2026-04-30 14:39:04.071,FINISHED_STORAGE,strg_fns_out,PRD1000-260430001-0002,PRD1000,EQ15,SR08,1,-1,0
2026-05-04 12:23:14.965,FINISHED_STORAGE,strg_fns_in,PRD1000-260504001-0001,PRD1000,EQ15,SR07,2,1,1
2026-05-04 12:23:15.998,FINISHED_STORAGE,strg_fns_out,PRD1000-260504001-0001,PRD1000,EQ15,SR08,2,-1,0
